,id,pred,label,pred_proba_0,pred_proba_1,name
2,837,1,0,0.2453800759804467,0.7546199240195531,GIMS
0,839,1,0,0.2625901133999067,0.7374098866000934,Lacrim
3,829,1,0,0.3582659286515954,0.6417340713484045,Rim'K
1,775,0,0,0.5079258001254012,0.4920741998745988,Kery James
5,774,0,0,0.6420708142968293,0.3579291857031706,113
4,733,0,0,0.8720697674418605,0.12793023255813954,French Montana
6,767,0,0,1.0,0.0,Freeman
7,851,0,0,1.0,0.0,Chip
